no_utilisation,no_int,no_Nv_protocole,date_commande,date_mort,date_utilisation,temps,utilisation,volume_injection,zone,coordonees,couleur,remarque_injection,but,identification_des_animaux,vecteur,resultat,serotype,date,construction_associee,archive_fichier
INTEGER PRIMARY KEY,INTEGER,DATE,DATE,DATE,DATE,TEXT,TEXT,TEXT,TEXT,TEXT,TEXT,TEXT,TEXT,TEXT,TEXT,TEXT,TEXT,DATE,TEXT,TEXT
1,1,,2016-03-31,,2016-04-13,,I.C.,,I.C.,,,,,,HIV 53R1,,Lentivirus,2015-10-13,shRNA-SLITRk5 (TL505056c),
2,2,,2016-03-31,,2016-04-13,,I.C.,,I.P,,,,,,HIV 129crtc,,entivirus pHage,2015-12-05,pHAGE-CMV-zsGreen,
3,3,,2016-03-31,,2016-04-13,,I.C.,,I.C.,,,,,,HIV 129crtc,,entivirus pHage,2015-12-03,pHAGE-CMV-zsGreen,
4,4,,2016-03-31,,2016-04-13,,I.C.,,I.C.,,,,,,HIV 53b,,Lentivirus,2015-10-13,shRNA-SLITRk5 (TL505056c),
5,5,,2016-03-31,,2016-04-13,,I.P. I.C.,,I.C.,,,,,,HIV 53b,,Lentivirus,2015-10-13,shRNA-SLITRk5 (TL505056c),
6,6,,2016-04-07,,2016-04-22,,I.P. I.C.,,,,,,,,AAV 285,,scAAV2/9,2015-12-02,sc AAV emCBA EGFP,
7,7,,2016-04-07,,2016-04-22,,I.P. I.C.,,,,,,,,AAV 285,,scAAV2/9,2015-12-02,sc AAV emCBA EGFP,
8,8,,2016-04-07,,2016-04-22,,I.P. I.C.,,,,,,,,AAV 285,,scAAV2/9,2015-12-02,sc AAV emCBA EGFP,
9,9,,2016-04-07,,2016-04-22,,I.P. I.C.,,,,,,,,AAV 285,,scAAV2/9,2015-12-02,sc AAV emCBA EGFP,
10,10,,2016-04-07,,2016-04-22,,I.P. I.C.,,,,,,,,AAV 285,,scAAV2/9,2015-12-02,sc AAV emCBA EGFP,
11,11,,2016-04-21,,2016-05-05,,I.C.,,,,,,,,AD 100,,AAV2/1,2013-07-19,ITR-GFP-linker-TTC-IRES-Cherry,
12,12,,2016-04-21,,2016-05-05,,I.C.,,,,,,,,AD 110,,Adenovirus,2015-12-04,pShuttle SYN GCaMP6s,
13,13,,2016-04-21,,2016-05-05,,I.C.,,,,,,,,AD 98,,Adenovirus,2013-03-08,shuttle-CBA-EGFP,
14,14,,2016-04-21,,2016-05-05,,I.C.,,,,,,,,AD 106,,Adenovirus,2015-01-31,pShuttle-CBA-EGFP-linker-TTC IRES-mCherry,
15,15,,2016-04-21,,2016-05-05,,I.C.,,,,,,,,AD100 + AAV 523,,Adenovirus,2013-05-30,pShuttle-CMV-cre-eGFP,
16,16,,2016-05-19,,2016-05-31,,I.C.,,,,,,,,AAV 221,,AAV2/9,2015-04-10,pAAV-SYN-ASAP-WPRE,
17,17,,2016-05-19,,2016-05-31,,I.C.,,,,,,,,AAV 229,,AAV2/9,2015-05-01,scAAV-emCBA-ASAP2,
18,18,,2016-05-19,,2016-06-06,,I.C.,,,,,,,,HIV 81.1,,Lentivirus pHage,2016-06-02,pHAGE-CBA-ZsGreen,
19,19,,2016-05-19,,2016-06-06,,,,XXXXXXX,,,,,,XXXXXXXXXXXX,XXXXXXX,XXXXXXXXXXXX,,XXXXXXXXXXXX,XXXXXXX
20,20,,2016-05-19,,2016-06-06,,I.C.,,,,,,,,HIV 57,,scAAV2/2,2012-06-18,scAAV-mCBA-mRuby,
21,21,,2016-05-26,2016-08-08,2016-08-08,,I.C.,,XXXXXXX,,,,,,XXXXXXXXXXXX,XXXXXXX,XXXXXXXXXXXX,,XXXXXXXXXXXX,XXXXXXX
22,22,,2016-05-26,,2016-09-08,,I.C.,500,,AP +1.5; ML -1; DV -3.75,,,,,CTB-ALEXA488,,XXXXXXXXXXXX,,XXXXXXXXXXXX,
23,23,,2016-05-26,,2016-09-08,,I.C.,500,,AP +1.5; ML -1; DV -3.75,,,,,CTB-ALEXA488,,XXXXXXXXXXXX,,XXXXXXXXXXXX,
24,24,,2016-05-26,2017-05-28,2017-05-11,,I.S.,,I.S.,,,,,,AAV425,,2/9,2016-08-22,sc AAV emCBA EGFP,
25,25,,2016-05-26,2017-05-28,2017-05-11,,I.C.,,I.C.,,,,,,AAV596,,AAV2/PO4,2017-05-02,sc AAV emCBA EGFP,
26,26,,2016-09-06,2016-07-06,,,plaie,,XXXXXXX,,,,,,XXXXXXXXXXXX,XXXXXXX,XXXXXXXXXXXX,,XXXXXXXXXXXX,XXXXXXX
27,27,,2016-09-06,,2016-11-04,,I.C.,300,VTA,AP -2.92; ML -.05; DV -4.2,,,,,AAV335 + 185,OK,AAV2/9,2016-03-15,pAAV-Th2.5-cre,c
28,28,,2016-09-06,,2016-11-04,,I.C.,300,VTA,AP -2.92; ML -.05; DV -4.2,,,,,AAV335 + 185,OK,AAV2/9,2016-03-15,pAAV-Th2.5-cre,c
29,29,,2016-09-06,,2016-11-04,,I.C.,300,VTA,AP -2.92; ML -.05; DV -4.2,,,,,AAV335 + 185,OK,AAV2/9,2016-03-15,pAAV-Th2.5-cre,c
30,30,,2016-09-06,,2016-11-04,,I.C.,300,VTA,AP -2.92; ML -.05; DV -4.2,,,,,AAV335 + 185,OK,AAV2/9,2016-03-15,pAAV-Th2.5-cre,c
31,31,,2016-09-06,2017-05-28,2017-05-10,,I.S.,,I.S.,,,,,,AAV425,,2/9,2016-08-22,sc AAV emCBA EGFP,
32,32,,2016-09-06,2017-04-06,,,XXXXXXXXXXXX,,XXXXXXX,,,,,,XXXXXXXXXXXX,XXXXXXX,XXXXXXXXXXXX,,XXXXXXXXXXXX,XXXXXXX
33,33,,2016-09-06,2017-04-07,,,XXXXXXXXXXXX,,XXXXXXX,,,,,,XXXXXXXXXXXX,XXXXXXX,XXXXXXXXXXXX,,XXXXXXXXXXXX,XXXXXXX
34,34,,2016-09-06,2017-05-28,2017-05-10,,I.C.,,I.C.,,,,,,AAV595,,AAV2/PO6,2017-05-02,sc AAV emCBA EGFP,
35,35,,2016-09-14,2016-10-13,2016-09-19,,I.C.,200,Nac,AP +1.42; ML 0.9; DV -3.75,,,,,HIV 83,,Lentivirus FugB2,2016-06-17,pHAGE-CBA-ZsGreen,
36,36,,2016-09-14,2016-10-20,2016-09-19,,I.C.,200,Nac,AP +1.42; ML 0.9; DV -3.8,,,,,HIV 83,,Lentivirus FugB2,2016-06-17,pHAGE-CBA-ZsGreen,
37,37,,2016-09-14,2016-10-06,2016-09-19,,I.C.,200,Nac,AP +1.42; ML 0.9; DV -3.75,,,,,HIV 83,,Lentivirus FugB2,2016-06-17,pHAGE-CBA-ZsGreen,
38,38,,2016-09-14,2016-10-31,2016-10-25,,I.C.,100,PB,AP -1.6; ML -.99; DV -2.75,,,,,CTB-ALEXA488,,XXXXXXXXXXXX,,XXXXXXXXXXXX,XXXXXXX
39,39,,2016-09-14,2016-10-31,2016-10-25,,I.C.,100,PB,AP +1.6; ML -1.1; DV -2.65,,,,,CTB-ALEXA488,,XXXXXXXXXXXX,,XXXXXXXXXXXX,XXXXXXX
40,40,,2016-09-14,2016-12-08,2016-11-21,,I.C.,,VPM,AP -1.63; ML 1; DV -3.4,,,,,AAV 336,,AAV2/9,2016-03-15,pAAV-emCBA-jRex-Geco,XXXXXXX
41,41,,2016-09-14,2016-11-23,2016-11-18,,I.C.,,PB,AP -1.2; ML 1.14; DV -2.43,,,,,CTB-ALEXA488,ok,XXXXXXXXXXXX,,XXXXXXXXXXXX,XXXXXXX
42,42,,2016-09-14,2016-11-23,2016-11-18,,I.C.,,PB,AP -0.77; ML 1.24; DV -2.5,,,,,CTB-ALEXA488,ok,XXXXXXXXXXXX,,XXXXXXXXXXXX,XXXXXXX
43,43,,2016-09-14,2016-12-08,2016-11-21,,I.C.,,VPM,AP -1.61; ML 1.01; DV -3.4,,,,,AAV336,ok,AAV2/9,2016-03-15,pAAV-emCBA-jRex-Geco,
44,44,,,,,,,,,,,,,,,,,,,
45,45,,2016-12-12,2017-01-05,2016-12-13,,I.C.,,PB,AP -1.25; ML -1; DV -2.75,,,,,AAV2 retro jannelia,ok,,,,
46,46,,2016-12-12,2017-01-05,2016-12-13,,I.C.,,VPM,AP -1.6; ML -1; DV -3.4,,,,,AAV2 retro jannelia,ok,,,,
47,47,,2016-12-15,,2016-12-15,,I.V.,,XXXXXXX,,,,,,AAV 396,XXXXXXX,AAV2/PHP.B,2016-07-11,pAAV-CAG-Gcamp6s (UPenn),XXXXXXX
48,48,,2016-12-15,,2016-12-15,,,,XXXXXXX,,,,,,AAV 396,XXXXXXX,AAV2/PHP.B,2016-07-11,pAAV-CAG-Gcamp6s (UPenn),XXXXXXX
49,49,,2016-12-15,2017-01-18,2016-12-15,,I.V.,,,,,,,,AAV 396,,AAV2/PHP.B,2016-07-11,pAAV-CAG-Gcamp6s (UPenn),
50,50,,2016-12-15,2017-01-18,2016-12-15,,I.P.,,,,,,,,AAV 396,-,AAV2/PHP.B,2016-07-11,pAAV-CAG-Gcamp6s (UPenn),
51,51,,2016-12-15,2017-01-23,2016-12-21,,I.S.,,,,,,,,AAV493+AAV498,,AAV2/DJ,2016-11-28,pAAV-emCBA-Flex-frwd-GCaMP6s,
52,52,,2016-12-15,2017-01-23,2016-12-21,,I.S.,,,,,,,,AAV493+AAV498,,AAV2/DJ,2016-11-28,pAAV-emCBA-Flex-frwd-GCaMP6s,
53,53,,2016-12-15,2017-01-05,2016-12-15,,I.C.,,VPM,AP -1.6; ML -1; DV -3.4,,,,,AAV 421,a voir,2/9,2016-08-15,pAAV CAG JR-Geco,
54,54,,2017-01-04,2017-02-01,2017-01-11,,I.C.,,PB,,,,,,AAV 502,a voir,AAV2-retro,2016-12-19,pAAV CAG IRES EGFP,
55,55,,2017-01-04,2017-02-01,2017-01-11,,I.C.,,PB,,,,,,AAV 502,a voir,AAV2-retro,2016-12-19,pAAV CAG IRES EGFP,
56,56,,2017-01-04,2017-02-16,2017-01-25,,I.C.,,VPM,,,,,,AAV497,OK,AAV2-retro,2016-12-12,pAAV CAG ChR2-EGFP-Nav1.2,
57,57,,2017-01-04,2017-02-16,2017-01-25,,I.C.,,VPM,,,,,,AAV497,ok,AAV2-retro,2016-12-12,pAAV CAG ChR2-EGFP-Nav1.2,
58,58,,2017-01-04,2017-05-28,2017-05-10,,I.S.,,I.S.,,,,,,AAV595,OK,AAV2/PO6,2017-05-02,sc AAV emCBA EGFP,
59,59,,2017-01-04,2017-02-16,2016-02-23,,I.S. ou I.C.,,I.S.,,,,,,AAV433+478,,2/9,2016-09-05,AAV-EF1a-DIO-hChR2(H134R)-mCherry,
60,60,,2017-01-04,2017-02-16,2016-02-23,,I.S. ou I.C.,,I.S.,,,,,,AAV433+478,,2/9,2016-09-05,AAV-EF1a-DIO-hChR2(H134R)-mCherry,
61,61,,2017-01-04,2017-03-28,2017-03-07,,I.S. ou I.C.,,I.S.,,,,,,AAV543+478,,2/8,2017-02-27,AAV-Flex-ChR2-tdTomato-WPRE,
62,62,,2017-01-04,2017-03-28,2017-03-07,,I.S. ou I.C.,,I.S.,,,,,,AAV543+478,,2/8,2017-02-27,AAV-Flex-ChR2-tdTomato-WPRE,
63,63,,2017-01-26,2017-02-06,2017-02-03,,I.C.,,VPM,,,,,,AAV492,,2/9,2016-11-28,AAV-CaMKIIa-hChR2(H134R)-EYFP,
64,64,,2017-01-26,2017-02-27,2017-02-03,,I.C.,,VPM,,,,,,AAV492,,2/9,2016-11-28,AAV-CaMKIIa-hChR2(H134R)-EYFP,
65,65,,2017-01-26,2017-03-28,2017-02-03,,I.C.,,VPM,,,,,,AAV492,,2/9,2016-11-28,AAV-CaMKIIa-hChR2(H134R)-EYFP,
66,66,,2017-01-26,2017-02-27,2017-02-03,,I.C.,,VPM,,,,,,AAV492,,2/9,2016-11-28,AAV-CaMKIIa-hChR2(H134R)-EYFP,
67,67,,2017-01-26,2017-02-27,2017-02-03,,I.C.,,VPM,,,,,,AAV405,,2/9,2016-07-25,AAV-CaMKIIa-hChR2(H134R)-EYFP,
68,68,,2017-01-26,2017-03-28,2017-02-03,,I.C.,,VPM,,,,,,AAV405,,2/9,2016-07-25,AAV-CaMKIIa-hChR2(H134R)-EYFP,
69,69,,2017-01-26,2017-02-27,2017-02-03,,I.C.,,VPM,,,,,,AAV405,,2/9,2016-07-25,AAV-CaMKIIa-hChR2(H134R)-EYFP,
70,70,,2017-01-26,2017-03-28,2017-02-03,,I.C.,,VPM,,,,,,AAV405,,2/9,2016-07-25,AAV-CaMKIIa-hChR2(H134R)-EYFP,
71,71,,2017-01-26,2017-02-27,2017-02-06,,I.C.,,VPM,,,,,,AAV233,,AAV2/9,2015-05-07,AAV-CaMKIIa-EYFP,
72,72,,2017-01-26,2017-03-28,2017-02-06,,I.C.,,VPM,,,,,,AAV233,,AAV2/9,2015-05-07,AAV-CaMKIIa-EYFP,
73,73,,2017-01-26,2017-02-27,2017-02-06,,I.C.,,VPM,,,,,,AAV233,,AAV2/9,2015-05-07,AAV-CaMKIIa-EYFP,
74,74,,2017-01-26,2017-03-28,2017-02-06,,I.C.,,VPM,,,,,,AAV233,,AAV2/9,2015-05-07,AAV-CaMKIIa-EYFP,
75,83,,2017-01-26,2017-03-28,2017-02-06,,I.C.,,VPM,,,,,,AAV233,,AAV2/9,2015-05-07,AAV-CaMKIIa-EYFP,
76,75,,2017-02-01,2017-05-28,2017-05-11,,I.S.,,I.S.,,,,,,AAV596,,AAV2/PO4,2017-05-02,sc AAV emCBA EGFP,
77,76,,2017-02-01,2017-05-12,2017-05-19,,I.S.,,I.S.,,,,,,AAV604/478,M,AAV2/8,2017-05-16,AAV-Flex-ChR2-tdTomato-WPRE,OK
78,77,,2017-02-01,2017-05-12,2017-05-19,,I.S.,,I.S.,,,,,,AAV 543/478,M,2/8,2017-02-27,AAV-Flex-ChR2-tdTomato-WPRE,OK
79,78,,2017-02-01,2018-07-09,,,pratique IV,,,,,,,,,,,,,
80,79,,2017-02-01,2017-05-10,,,XXXXXXXXXXXX,,XXXXXXX,,,,,,XXXXXXXXXXXX,XXXXXXX,XXXXXXXXXXXX,,XXXXXXXXXXXX,XXXXXXX
81,80,,2017-02-01,,,,transfert DCC,,,,,,,,,,,,,
82,81,,2017-02-01,,,,transfert DCC,,,,,,,,,,,,,
83,82,,2017-02-01,,,,pratique IV,,,,,,,,,,,,,
84,84,,2017-02-01,,,,pratique IV,,,,,,,,,,,,,
85,85,,2017-02-01,2017-08-31,2017-08-11,,I.C.,,VPM,,,,,,AAV638,,AAV2/9,2017-07-03,AAV-CaMKIIa-EYFP,OK
86,86,,2017-02-01,2017-08-22,,,euta,,XXXXXXX,,,,,,XXXXXXXXXXXX,,XXXXXXXXXXXX,,XXXXXXXXXXXX,XXXXXXX
87,87,,2017-02-01,2017-08-31,2017-08-09,,I.S.,,I.S.,,,,,,AAV645,,AAV2/8,2017-07-11,pAAV hSYN ChR2 EYFP Nav1.2,OK
88,88,,2017-02-01,2017-08-31,2017-08-10,,I.S.,,I.S.,,,,,,AAV644,,AAV2/8,2017-07-11,pAAV emCBA ChR2(H134R) EYFP NRN1,OK
89,89,,2017-02-01,2017-08-18,2017-08-10,,I.S.,,I.S.,,,,,,AAV644,,AAV2/8,2017-07-11,pAAV emCBA ChR2(H134R) EYFP NRN1,XXXXXXX
90,90,,2017-02-01,2017-08-31,2017-08-10,,I.S.,,I.S.,,,,,,AAV645,,AAV2/8,2017-07-11,pAAV hSYN ChR2 EYFP Nav1.2,OK
91,91,,2017-02-01,2017-08-31,2017-08-11,,I.C.,,VPM,,,,,,AAV637,,AAV2/5,2017-07-03,AAV-CaMKIIa-EYFP,OK
92,92,,2017-09-07,2017-09-29,2017-09-29,,XXXXXXXXXXXX,,XXXXXXX,,,,,,AAV595 (-),XXXXXXX,AAV2/PO6,2017-05-02,sc AAV emCBA EGFP,XXXXXXX
93,93,,2017-09-07,2017-10-18,2017-09-29,,IV,,systemique,,,,,,AAV595 (+),,AAV2/PO6,2017-05-02,sc AAV emCBA EGFP,
94,94,,2017-09-07,,2017-10-04,,I.C. I.S.,,PB/SC,,,,,,AAV498,,AAV2/9 + AAV2-retro,2016-09-26,AAV-emCBA-Flex-GFP,
95,94,,2017-09-07,,2017-10-30,,I.C. I.S.,,PB/SC,,,,,,AAV455,,AAV2/9 + AAV2-retro,2016-09-26,AAV-emCBA-Flex-GFP,
96,95,,2017-09-07,,2017-10-04,,I.C. I.S.,,PB/SC,,,,,,AAV498,,AAV2/9 + AAV2-retro,2016-09-26,AAV-emCBA-Flex-GFP,
97,95,,2017-09-07,,2017-10-30,,I.C. I.S.,,PB/SC,,,,,,AAV455,,AAV2/9 + AAV2-retro,2016-09-26,AAV-emCBA-Flex-GFP,
98,96,,2017-09-07,,2017-10-04,,I.C.,,PB/VPM,,,,,,AAV498,,AAV2/9 + AAV2-retro,2016-09-26,AAV-emCBA-Flex-GFP,
99,96,,2017-09-07,,2017-10-30,,I.C.,,PB/VPM,,,,,,AAV455,,AAV2/9 + AAV2-retro,2016-09-26,AAV-emCBA-Flex-GFP,
100,97,,2017-09-07,,,,XXXXXXXXXXXX,,XXXXXXX,,,,,,XXXXXXXXXXXX,XXXXXXX,XXXXXXXXXXXX,,XXXXXXXXXXXX,XXXXXXX
101,98,,2017-09-07,2017-10-07,2017-10-04,,I.C. I.S.,,XXXXXXX,,,,,,AAV498,XXXXXXX,AAV2-retro,2016-12-12,pAAV-CBA-CRE-P2A-mNeptune-WPRE,XXXXXXX
102,99,,2017-09-07,,2017-11-08,,IV,,,,,,,,712,,php.eB,2017-10-18,sc AAV emCBA EGFP,
103,100,,2017-09-07,,2017-11-08,,IV,,,,,,,,712.1,,php.eB,2017-10-18,sc AAV emCBA EGFP,
104,101,,2017-09-07,,2017-11-08,,IV,,,,,,,,713.1,,2/9,2017-10-18,sc AAV emCBA EGFP,
105,102,,2017-09-07,,2017-09-29,,IV,,systemique,,vert,-,comparaison phps; phpeb; 2/9; PO4; PO6 injectes IV chez le bebe,oreille,AAV396 (-),,AAV2/PHP.B,2016-07-11,pAAV-CAG-Gcamp6s (UPenn),
106,103,,2017-09-07,,2017-09-29,,IV,,systemique,,vert,+,comparaison phps; phpeb; 2/9; PO4; PO6 injectes IV chez le bebe,oreille,AAV 396 (+),,AAV2/PHP.B,2016-07-11,pAAV-CAG-Gcamp6s (UPenn),
107,104,,2017-09-07,2017-10-18,2017-09-29,,IV,,systemique,,vert,-,comparaison phps; phpeb; 2/9; PO4; PO6 injectes IV chez le bebe,oreille,AAV425 (-),,2/9,2016-08-22,sc AAV emCBA EGFP,
108,105,,2017-09-07,2017-10-18,2017-09-29,,IV,,systemique,,vert,+++,comparaison phps; phpeb; 2/9; PO4; PO6 injectes IV chez le bebe,oreille,AAV425 (+++),,2/9,2016-08-22,sc AAV emCBA EGFP,
109,106,,2017-09-07,2017-10-18,2017-09-29,,IV,,systemique,,vert,+,comparaison phps; phpeb; 2/9; PO4; PO6 injectes IV chez le bebe,oreille,AAV 596 (+),,AAV2/PO4,2017-05-02,sc AAV emCBA EGFP,
110,107,,2017-09-07,2017-10-18,2017-09-29,,IV,,systemique,,,,,,AAV 596 (-),,AAV2/PO4,2017-05-02,sc AAV emCBA EGFP,
111,108,,2017-09-21,,2017-11-04,,,,,,,,,,AAV 706,,2/8,2017-10-11,pAAV hSYN ChR2 EYFP NRN1,
112,109,,2017-09-21,,2017-11-04,,,,,,,,,,AAV 706,,2/8,2017-10-11,pAAV hSYN ChR2 EYFP NRN1,
113,110,,2017-09-21,,2017-11-04,,,,,,,,,,AAV 707,,2/8,2017-10-11,pAAV CAG ChR2-EGFP-Nav1.2,
114,111,,2017-09-21,,2017-11-04,,,,,,,,,,AAV 707,,2/8,2017-10-11,pAAV CAG ChR2-EGFP-Nav1.2,
115,112,,2017-09-21,,,,XXXXXXXXXXXX,,XXXXXX,,,,,,XXXXXXXXXXXX,XXXXXX,XXXXXXXXXXXX,,,XXXXXX
116,113,,,,2017-11-08,,I.S.,,SC,,,,,,AAV 721,,2/8,2017-10-25,AAV-hSyn-hChR2(H134R)-EYFP,
117,114,,,,2017-11-08,,IV,,,,,,,,713,,2/9,2017-10-18,sc AAV emCBA EGFP,
118,115,,,,2017-11-08,,IV,,,,,,,,719,,php.S,2017-10-25,sc AAV emCBA EGFP,
119,116,,,,2017-11-08,,IV,,,,,,,,719.1,,php.S,2017-10-25,sc AAV emCBA EGFP,
120,117,,,,,,souris CD1 gestante,,,,,,,,,,,,,
121,118,,2017-11-08,2018-08-27,2017-12-22,,IV et pratique,,C+SC+F+P+C,,,,,,AAV720,+,PO4 sc,2017-10-25,sc AAV emCBA EGFP,
122,119,,2017-11-08,2018-08-28,2017-12-22,,IV et pratique,,C+SC+F+P+C,,,,,,AAV713,-,2/9 sc,2017-10-18,sc AAV emCBA EGFP,
123,120,,2017-11-08,2018-08-29,2017-12-22,,IV et pratique,,C+SC+F+P+C,,,,,,AAV718,-,PO6 sc,2017-10-25,sc AAV emCBA EGFP,
124,121,,2017-11-08,2018-08-30,2017-12-22,,IV et pratique,,C+SC+F+P+C,,,,,,AAV719,-,2/php.S sc,2017-10-25,sc AAV emCBA EGFP,
125,122,,2017-11-08,2018-08-31,2017-12-22,,IV et pratique,,C+SC+F+P+C,,,,,,AAV713,-,2/9 sc,2017-10-18,sc AAV emCBA EGFP,
126,123,,2017-11-08,2018-09-01,2017-12-22,,IV et pratique,,C+SC+F+P+C,,,,,,AAV718,-,PO6 sc,2017-10-25,sc AAV emCBA EGFP,
127,124,,2017-11-08,2018-09-02,2017-12-22,,IV et pratique + IP,,C+SC+F+P+C,,,,,,AAV719,-,2/php.S sc,2017-10-25,sc AAV emCBA EGFP,
128,125,,2017-11-08,2018-09-03,2017-12-22,,IV et pratique,,C+SC+F+P+C,,,,,,AAV720,-,PO4 sc,2017-10-25,sc AAV emCBA EGFP,
129,126,,,2018-02-13,2018-01-24,,IV,,C+SC+F+P+C,,,,,,AAV713,+++,2/9 sc,2017-10-18,sc AAV emCBA EGFP,
130,127,,,2018-02-13,2018-01-24,,IV,,C+SC+F+P+C,,,,,,AAV720,+++,PO4 sc,2017-10-25,sc AAV emCBA EGFP,
131,128,,,2018-02-13,2018-01-24,,IV,,C+SC+F+P+C,,,,,,AAV718,+++,PO6 sc,2017-12-12,sc AAV emCBA EGFP,
132,129,,,2018-02-13,2018-01-24,,IV,,C+SC+F+P+C,,,,,,AAV759,+++,2/BR1,2017-10-25,sc AAV emCBA EGFP,
133,130,,,2018-02-13,2018-01-24,,IV,,C+SC+F+P+C,,,,,,AAV719,+++,2/php.S sc,2017-10-25,sc AAV emCBA EGFP,
134,131,,,2018-02-13,2018-01-24,,IV,,C+SC+F+P+C,,,,,,AAV719,+++,2/php.S sc,2017-10-25,sc AAV emCBA EGFP,
135,132,,,2018-02-13,2018-01-24,,IV,,C+SC+F+P+C,,,,,,AAV760,+++,2/2,2017-12-12,sc AAV emCBA EGFP,
136,133,,,2018-02-13,2018-01-24,,IV,,C+SC+F+P+C,,,,,,AAV712,+++,2/php.eB sc,2017-10-18,sc AAV emCBA EGFP,
137,134,,2018-01-25,,,,femelle gestante,,,,,,,,,,,,,
138,135,,2018-01-25,2018-03-28,2018-03-06,,C / thalamus,,C,,,,melange 2 serotypes. Y-a-t-il segregation d;d; expression dans les cellules infectees,oreille,AAV544+AAV 213,R90/10,2/9 et 2/8,2017-03-06,pAAV hSYN mKate et pAAV-hSyn-EYFP,
139,136,,2018-01-25,2018-03-28,2018-03-06,,C / thalamus,,C,,,,melange 2 serotypes. Y-a-t-il segregation d;d; expression dans les cellules infectees,oreille,AAV544+AAV 213,R90/10,2/9 et 2/8,2017-03-06,pAAV hSYN mKate et pAAV-hSyn-EYFP,
140,137,,2018-01-25,2018-03-28,2018-03-06,,C / thalamus,,C,,,,melange 2 serotypes. Y-a-t-il segregation d;d; expression dans les cellules infectees,oreille,AAV544+AAV 213,R50/50,2/9 et 2/8,2017-03-06,pAAV hSYN mKate et pAAV-hSyn-EYFP,
141,138,,2018-01-25,2018-03-28,2018-03-06,,C / thalamus,,C,,,,melange 2 serotypes. Y-a-t-il segregation d;d; expression dans les cellules infectees,oreille,AAV544+AAV 213,R50/50,2/9 et 2/8,2017-03-06,pAAV hSYN mKate et pAAV-hSyn-EYFP,
142,139,,2018-01-25,2018-04-16,2018-03-15,,C / thalamus,,C,,,,,,AAV718,,,,,
143,140,,2018-01-25,2018-04-16,2018-03-15,,C / thalamus,,C,,,,,,AAV713 dilue 15,,,,,
144,141,,2018-01-25,2018-04-16,2018-03-15,,C / thalamus,,C,,,,,,AAV720,,,,,
145,142,,2018-01-25,2018-04-16,2018-03-15,,IV,,C+SC+F+P+C,,,,,,AAV759,,,,,
146,143,,,,,,,,pratique,,,,pratique injection IV; veine temporale bebe P2,,,,,,,
147,144,,,,,,,,pratique,,,,pratique injection IV; veine temporale bebe P2,,,,,,,
148,145,,,,,,,,pratique,,,,pratique injection IV; veine temporale bebe P2,,,,,,,
149,146,,,,,,,,pratique,,,,pratique injection IV; veine temporale bebe P2,,,,,,,
150,147,,,,,,,,pratique,,,,pratique injection IV; veine temporale bebe P2,,,,,,,
151,148,,,,,,,,pratique,,,,pratique injection IV; veine temporale bebe P2,,,,,,,
152,149,,,,,,,,pratique,,,,pratique injection IV; veine temporale bebe P2,,,,,,,
153,150,,,,,,,,pratique,,,,pratique injection IV; veine temporale bebe P2,,,,,,,
154,151,,,,,,,,pratique,,,,pratique injection IV; veine temporale bebe P2,,,,,,,
155,152,,,,,,,,pratique,,,,pratique injection IV; veine temporale bebe P2,,,,,,,
156,153,,,,,,,,pratique,,,,pratique injection IV; veine temporale bebe P2,,,,,,,
157,154,,,,,,,,pratique,,,,pratique injection IV; veine temporale bebe P2,,,,,,,
158,155,,,,,,,,pratique,,,,pratique injection IV; veine temporale bebe P2,,,,,,,
159,156,,,,,,,,pratique,,,,pratique injection IV; veine temporale bebe P2,,,,,,,
160,157,,,,,,,,pratique,,,,pratique injection IV; veine temporale bebe P2,,,,,,,
161,158,,,,,,,,pratique,,,,pratique injection IV; veine temporale bebe P2,,,,,,,
162,159,,,,,,,,pratique,,,,pratique injection IV; veine temporale bebe P2,,,,,,,
163,160,,,,,,,,pratique,,,,pratique injection IV; veine temporale bebe P2,,,,,,,
164,161,,,,,,,,pratique,,,,pratique injection IV; veine temporale bebe P2,,,,,,,
165,162,,,,,,,,pratique,,,,pratique injection IV; veine temporale bebe P2,,,,,,,
166,163,,,,,,,,pratique,,,,pratique injection IV; veine temporale bebe P2,,,,,,,
167,164,,,,,,,,pratique,,,,pratique injection IV; veine temporale bebe P2,,,,,,,
168,165,,,,,,,,pratique,,,,pratique injection IV; veine temporale bebe P2,,,,,,,
169,166,,,,,,,,pratique,,,,pratique injection IV; veine temporale bebe P2,,,,,,,
170,167,,,,,,souris C57 gestante,,,,,,,,,,,,,
171,168,,,,,,souris CD1 gestante,,,,,,,,,,,,,
172,169,,,2018-05-15,2018-03-02,,IPa puis INSCI,,NSCI + SC+ DRG,,,transfert YDK,Test injection nerf sciatique. Injection patte suivi d’une injection nerf sciatique à l’âge adulte,,AAV415,QC,,,,
173,169,,,2018-05-15,2018-04-12,,IPa puis INSCI,,NSCI + SC+ DRG,,,transfert YDK,Test injection nerf sciatique. Injection patte suivi d’une injection nerf sciatique à l’âge adulte,,AAV321,QC,,,,
174,170,,,2018-05-15,2018-03-02,,IPa puis INSCI,,NSCI + SC+ DRG,,,transfert YDK,Test injection nerf sciatique. Injection patte suivi d’une injection nerf sciatique à l’âge adulte,,AAV415,QC,,,,
175,170,,,2018-05-15,2018-04-12,,IPa puis INSCI,,NSCI + SC+ DRG,,,transfert YDK,Test injection nerf sciatique. Injection patte suivi d’une injection nerf sciatique à l’âge adulte,,AAV321,QC,,,,
176,171,,,2018-05-15,2018-03-02,,IPa puis INSCI,,NSCI + SC+ DRG,,,transfert YDK,Test injection nerf sciatique. Injection patte suivi d’une injection nerf sciatique à l’âge adulte,,AAV415,QC,,,,
177,171,,,2018-05-15,2018-04-12,,IPa puis INSCI,,NSCI + SC+ DRG,,,transfert YDK,Test injection nerf sciatique. Injection patte suivi d’une injection nerf sciatique à l’âge adulte,,AAV321,QC,,,,
178,172,,,2018-05-15,2018-03-02,,IPa puis INSCI,,NSCI + SC+ DRG,,,transfert YDK,Test injection nerf sciatique. Injection patte suivi d’une injection nerf sciatique à l’âge adulte,,AAV415,oreille,,,,
179,172,,,2018-05-15,2018-04-12,,IPa puis INSCI,,NSCI + SC+ DRG,,,transfert YDK,Test injection nerf sciatique. Injection patte suivi d’une injection nerf sciatique à l’âge adulte,,AAV321,oreille,,,,
180,173,,,2018-05-15,2018-03-02,,IPa puis INSCI,,NSCI + SC+ DRG,,,transfert YDK,Test injection nerf sciatique. Injection patte suivi d’une injection nerf sciatique à l’âge adulte,,AAV415,oreille,,,,
181,173,,,2018-05-15,2018-04-12,,IPa puis INSCI,,NSCI + SC+ DRG,,,transfert YDK,Test injection nerf sciatique. Injection patte suivi d’une injection nerf sciatique à l’âge adulte,,AAV321,oreille,,,,
182,174,,,2018-05-15,2018-03-02,,IPa puis INSCI,,NSCI + SC+ DRG,,,transfert YDK,Test injection nerf sciatique. Injection patte suivi d’une injection nerf sciatique à l’âge adulte,,AAV415,rien,,,,
183,174,,,2018-05-15,2018-04-12,,IPa puis INSCI,,NSCI + SC+ DRG,,,transfert YDK,Test injection nerf sciatique. Injection patte suivi d’une injection nerf sciatique à l’âge adulte,,AAV321,rien,,,,
184,175,,,2018-05-15,2018-03-02,,IPa puis INSCI,,NSCI + SC+ DRG,,,transfert YDK,Test injection nerf sciatique. Injection patte suivi d’une injection nerf sciatique à l’âge adulte,,AAV415,rien,,,,
185,175,,,2018-05-15,2018-04-12,,IPa puis INSCI,,NSCI + SC+ DRG,,,transfert YDK,Test injection nerf sciatique. Injection patte suivi d’une injection nerf sciatique à l’âge adulte,,AAV321,rien,,,,
186,176,,,,2018-03-13,,,,pratique,,,,pratique injection IV; veine temporale bebe P2,,,,,,,
187,177,,,,2018-03-13,,,,pratique,,,,pratique injection IV; veine temporale bebe P2,,,,,,,
188,178,,,,2018-03-13,,,,pratique,,,,pratique injection IV; veine temporale bebe P2,,,,,,,
189,179,,,,2018-03-13,,,,pratique,,,,pratique injection IV; veine temporale bebe P2,,,,,,,
190,180,,,,2018-03-13,,,,pratique,,,,pratique injection IV; veine temporale bebe P2,,,,,,,
191,181,,,,2018-03-13,,,,pratique,,,,pratique injection IV; veine temporale bebe P2,,,,,,,
192,182,,,,2018-03-13,,,,pratique,,,,pratique injection IV; veine temporale bebe P2,,,,,,,
193,183,,,,2018-03-13,,,,pratique,,,,pratique injection IV; veine temporale bebe P2,,,,,,,
194,184,,,,2018-03-13,,,,pratique,,,,pratique injection IV; veine temporale bebe P2,,,,,,,
195,185,,,,2018-03-13,,,,pratique,,,,pratique injection IV; veine temporale bebe P2,,,,,,,
196,186,,,,2018-03-13,,,,pratique,,,,pratique injection IV; veine temporale bebe P2,,,,,,,
197,187,,,,,,souris gestante,,,,,,,,,,,,,
198,188,,,,2018-04-28,,souris gestante,,,,,,,,,,,,,
199,189,,,,2018-04-29,,souris gestante,,,,,,,,,,,,,
200,190,,,,2018-04-30,,souris gestante,,,,,,,,,,,,,
201,191,,,,,,,,pratique,,,,pratique injection IV; veine temporale bebe P2,,,,,,,
202,192,,,,,,,,pratique,,,,pratique injection IV; veine temporale bebe P2,,,,,,,
203,193,,,,,,,,pratique,,,,pratique injection IV; veine temporale bebe P2,,,,,,,
204,194,,,,,,,,pratique,,,,pratique injection IV; veine temporale bebe P2,,,,,,,
205,195,,,,,,,,pratique,,,,pratique injection IV; veine temporale bebe P2,,,,,,,
206,196,,,,,,,,pratique,,,,pratique injection IV; veine temporale bebe P2,,,,,,,
207,197,,,,,,,,pratique,,,,pratique injection IV; veine temporale bebe P2,,,,,,,
208,198,,,,2018-04-05,,injection patte /pas d’identification,,Patte,,,,,injection patte /pas d’identification,AAV818,,,,,
209,199,,,,2018-04-05,,injection patte /QC,,Patte,,,,,injection patte /QC,AAV321,,,,,
210,199,,,,2018-06-15,,injection patte /QC,,Patte,,,,,injection patte /QC,AAV321,,,,,
211,200,,,,2018-04-05,,injection patte /QC,,Patte,,,,,injection patte /QC,AAV321,,,,,
212,200,,,,2018-06-15,,injection patte /QC,,Patte,,,,,injection patte /QC,AAV321,,,,,
213,201,,,,2018-04-05,,injection patte/ tatoo,,Patte,,,,,injection patte/ tatoo,AAV415,,,,,
214,201,,,,2018-06-15,,injection patte/ tatoo,,Patte,,,,,injection patte/ tatoo,AAV415,,,,,
215,202,,,,2018-04-05,,injection patte/ tatoo,,Patte,,,,,injection patte/ tatoo,AAV415,,,,,
216,202,,,,2018-06-15,,injection patte/ tatoo,,Patte,,,,,injection patte/ tatoo,AAV415,,,,,
217,203,,,2018-04-06,2018-01-05,,,,IV/ queue coupee,,,,comparaison phps; phpeb; 2/9; PO4; PO6 injectes IV chez le bebe,QC,AAV425,,,,,
218,204,,,2018-04-06,2018-01-05,,,,IV / tatouage,,,,comparaison phps; phpeb; 2/9; PO4; PO6 injectes IV chez le bebe,tatouage,AAV 720,,,,,
219,205,,,2018-04-06,2018-01-05,,,,IV / tatouage,,,,comparaison phps; phpeb; 2/9; PO4; PO6 injectes IV chez le bebe,tatouage,AAV 720,,,,,
220,206,,,2018-04-06,2018-01-05,,mort,,IV,,,,comparaison phps; phpeb; 2/9; PO4; PO6 injectes IV chez le bebe,rien,AAV718,,,,,
221,207,,,2018-04-06,2018-01-05,,mort,,IV,,,,comparaison phps; phpeb; 2/9; PO4; PO6 injectes IV chez le bebe,rien,AAV718,,,,,
222,208,,,2018-04-06,2018-02-05,,,,IV,,,,comparaison phps; phpeb; 2/9; PO4; PO6 injectes IV chez le bebe,rien,AAV712,,,,,
223,209,,,2018-04-06,2018-02-05,,,,IV / tatouage,,,,comparaison phps; phpeb; 2/9; PO4; PO6 injectes IV chez le bebe,tatouage,AAV719,,,,,
224,210,,,2018-04-06,2018-02-05,,,,IV / tatouage,,,,comparaison phps; phpeb; 2/9; PO4; PO6 injectes IV chez le bebe,tatouage,AAV719,,,,,
225,211,,,2018-04-06,2018-02-05,,,,IV / tatouage,,,,comparaison phps; phpeb; 2/9; PO4; PO6 injectes IV chez le bebe,tatouage,AAV719,,,,,
226,212,,,2018-04-06,2018-02-05,,,,IV/ queue coupee,,,,comparaison phps; phpeb; 2/9; PO4; PO6 injectes IV chez le bebe,QC,AAV713,,,,,
227,213,,,2018-04-06,2018-02-05,,,,IV,,,,comparaison phps; phpeb; 2/9; PO4; PO6 injectes IV chez le bebe,QC,AAV713,,,,,
228,214,,,2018-04-06,2018-02-05,,mort,,,,,,,,,,,,,
229,215,,,,,,,,,,,,,,,,,,,
230,216,,2018-05-30,2018-09-13,2018-01-06,,fenêtre crânienne,,,,,,summer school,,,,,,,
231,217,,2019-05-30,2018-09-13,2018-01-06,,fenêtre crânienne,,,,,,summer school,,,,,,,
232,218,,2020-05-30,2018-09-13,2018-01-06,,fenêtre crânienne,,,,,,summer school,,,,,,,
233,219,,2021-05-30,2018-09-13,2018-01-06,,fenêtre crânienne,,,,,,summer school,,,,,,,
234,220,,2022-05-30,2018-09-13,2018-01-06,,fenêtre crânienne,,,,,,summer school,,,,,,,
235,221,,2023-05-30,2018-09-13,2018-01-06,,fenêtre crânienne,,,,,,summer school,,,,,,,
236,222,,2024-05-30,2018-09-13,2018-01-06,,fenêtre crânienne,,,,,,summer school,,,,,,,
237,223,,2025-05-30,2018-09-13,2018-01-06,,fenêtre crânienne,,,,,,summer school,,,,,,,
238,224,,2018-06-09,2018-10-10,2018-09-19,,IV,100,DRG,,,+++,comparer efficacite phpS. Iv adulte vs 2/9 IV ou patte bebe,,AAV 956 1E12 VV,,,,,
239,225,,2018-06-09,2018-10-10,2018-09-19,,IV,100,DRG,,,+++,comparer efficacite phpS. Iv adulte vs 2/9 IV ou patte bebe,,AAV 956 1E12 VV,,,,,
240,226,,2018-06-09,2018-10-10,2018-09-19,,IV,100,DRG,,,+++,comparer efficacite phpS. Iv adulte vs 2/9 IV ou patte bebe,,AAV 956 1E12 VV,,,,,
241,227,,2018-06-09,2018-10-10,2018-09-19,,IV,100,DRG,,,+++,comparer efficacite phpS. Iv adulte vs 2/9 IV ou patte bebe,,AAV 956 1E12 VV,,,,,
242,228,,,,,,femelle gestante,,,,,,,,,,,,,
243,229,,,2018-06-11,2018-09-18,,IV et patte,25  IV 10 patte,DRG,,,+++,comparer efficacite phpS. Iv adulte vs 2/9 IV ou patte bebe,tatouage 1 patte + QC,AAV 882 1E13 GC/ml,,,,,
244,230,,,2018-06-11,2018-09-18,,IV et patte,25  IV 10 patte,DRG,,,+++,comparer efficacite phpS. Iv adulte vs 2/9 IV ou patte bebe,tatouage 2 pattes + QC,AAV 882 1E13 GC/ml,,,,,
245,231,,,,2018-09-18,,IV,25,DRG,,,+++,comparer efficacite phpS. Iv adulte vs 2/9 IV ou patte bebe,tatouage,AAV 882 1E13 GC/ml,,,,,
246,232,,,2018-06-11,2018-09-18,,IV,50,DRG,,,+++,comparer efficacite phpS. Iv adulte vs 2/9 IV ou patte bebe,QC,AAV 882 1E13 GC/ml,,,,,
247,233,,,,2018-10-12,,IC AAV : Nac,AAV : 200 nl,B,AP +1.42; ML -0.9; DV -3.75,vert,,verifier lefficacite du transport retrograde des vecteur rabiques SIR-CRE-p2A-mCherry(pest),,RAB1.2,,,,,
248,233,,,,2018-10-24,,IC RABv : VTA,RABv : 2 x 200 (G et D),B,AP -2.92; ML +/- 0.5; DV  -4.2,vert,,verifier lefficacite du transport retrograde des vecteur rabiques SIR-CRE-p2A-mCherry(pest),,RAB1.2,,,,,
249,234,,,2018-10-31,2018-10-12,,IC AAV : Nac,AAV : 200 nl,B,AP +1.42; ML -0.9; DV -3.75,vert/rouge,,verifier lefficacite du transport retrograde des vecteur rabiques SIR-CRE-p2A-mCherry(pest),,RAB1.2,,,,,
250,234,,,2018-10-31,2018-10-24,,IC RABv : VTA,RABv : 2 x 200 (G et D),B,AP -2.92; ML +/- 0.5; DV  -4.2,vert/rouge,,verifier lefficacite du transport retrograde des vecteur rabiques SIR-CRE-p2A-mCherry(pest),,RAB1.2,,,,,
251,235,,,2018-11-23,2018-10-12,,IC AAV : Nac,AAV : 200 nl,B,AP +1.42; ML -0.9; DV -3.75,vert,,verifier lefficacite du transport retrograde des vecteur rabiques SIR-CRE-p2A-mCherry(pest),,RAB1.2,,,,,
252,235,,,2018-11-23,2018-10-24,,IC RABv : VTA,RABv : 2 x 200 (G et D),B,AP -2.92; ML +/- 0.5; DV  -4.2,vert,,verifier lefficacite du transport retrograde des vecteur rabiques SIR-CRE-p2A-mCherry(pest),,RAB1.2,,,,,
253,236,,,2018-11-23,2018-10-12,,IC AAV : Nac,AAV : 200 nl,B,AP +1.42; ML -0.9; DV -3.75,vert,,verifier lefficacite du transport retrograde des vecteur rabiques SIR-CRE-p2A-mCherry(pest),,RAB1.2,,,,,
254,236,,,2018-11-23,2018-10-24,,IC RABv : VTA,RABv : 2 x 200 (G et D),B,AP -2.92; ML +/- 0.5; DV  -4.2,vert,,verifier lefficacite du transport retrograde des vecteur rabiques SIR-CRE-p2A-mCherry(pest),,RAB1.2,,,,,
255,237,,2018-10-26,,2018-12-17,,IS,2 x 200 nl (G+D),SC,DV : -0.2 / 0.3,rien ou rouge,,verifier flex AAV 400 et AAV401. Contrôle avec cre necessaire,,AAV400,,2/8,2016-07-18,pAAV-hSYN-DIO-hM4D(Gi)-mCherry (DREADD),
256,238,,2018-10-26,,2018-12-17,,IS,2 x 200 nl (G+D),SC,DV : -0.2 / 0.3,rouge,,verifier flex AAV 400 et AAV401. Contrôle avec cre necessaire melange 90/10,,AAV400 / AAV995,,2/8,2016-07-18,pAAV-hSYN-DIO-hM4D(Gi)-mCherry (DREADD),
257,239,,2018-10-26,,2018-12-17,,IS,2 x 200 nl (G+D),SC,DV : -0.2 / 0.3,rien ou rouge,,verifier flex AAV 400 et AAV401. Contrôle avec cre necessaire,,AAV401,,2/9,2016-07-18,pAAV-hSYN-DIO-hM4D(Gi)-mCherry (DREADD),
258,240,,2018-10-26,,2018-12-17,,IS,2 x 200 nl (G+D),SC,DV : -0.2 / 0.3,rouge,,verifier flex AAV 400 et AAV401. Contrôle avec cre necessaire melange 90/10,,AAV 401 / AAV995,,2/9,2016-07-18,pAAV-hSYN-DIO-hM4D(Gi)-mCherry (DREADD),
259,241,,2018-11-28,2019-01-15,2018-12-18,,IS,2 x 200 nl,SC,DV : -0.2 / 0.3,,,inj 1 AAV flex GFP puis SIR cre mCherry; transport retrograde dans la moelle,,AAV881,,,,,
260,241,,2018-11-28,2019-01-15,2019-08-01,,IC,2 x 300 nl,B,Gauche: AP -1.09 ;  ML -1.14 ; DV -2.4 Droite : AP -1.12 ; ML +1 ; DV  -2.6,,,2e.e injection siRV dans le parabrachial. attendre 1 semaine,,RabV1.2,,,,,
261,242,,2018-11-28,2019-01-15,2018-12-18,,IS,2 x 200 nl,SC,,,,inj 1 AAV flex GFP puis SIR cre mCherry; transport retrograde dans la moelle,,AAV881,,,,,
262,242,,2018-11-28,2019-01-15,2019-08-01,,IC,2 x 300 nl,B,Gauche: AP -0.99 ;  ML -1 ; DV -2.4 Droite : AP -0.99 ; ML +1 ; DV  -2.6,,,2e.e injection siRV dans le parabrachial. attendre 1 semaine,,RabV1.2,,,,,
263,243,,2018-11-28,2019-01-15,2018-12-18,,IS,2 x 200 nl,SC,,,,inj 1 AAV flex GFP puis SIR cre mCherry; transport retrograde dans la moelle,,AAV881,,,,,
264,243,,2018-11-28,2019-01-15,2019-08-01,,IC,2 x 300 nl,B,Gauche: AP -1 ;  ML -1 ; DV -2.4   Droite : pas fait,,,2e.e injection siRV dans le parabrachial. attendre 1 semaine,,RabV1.2,,,,,
265,244,,2018-11-28,,,,IS,,SC,,,,,,,,,,,
266,245,,2018-11-28,,,,IS,,SC,,,,,,,,,,,
267,246,,2018-11-28,,,,IS,,SC,,,,,,,,,,,
268,247,,2018-11-28,,,,IS,,SC,,,,,,,,,,,
269,248,,2018-11-28,,,,IS,,SC,,,,,,,,,,,
270,249,,2018-11-28,,,,IS,,SC,,,,,,,,,,,
271,250,,2018-11-28,,,,IS,,SC,,,,,,,,,,,
272,251,,2018-11-28,,,,IS,,SC,,,,,,,,,,,
273,252,,2018-11-28,,,,IS,,SC,,,,,,,,,,,
274,253,,2018-12-19,,,,,,,,,,,,,,,,,
275,254,,2018-12-19,,,,,,,,,,,,,,,,,
276,255,,2018-12-19,,,,,,,,,,,,,,,,,
277,256,,2018-12-19,,,,,,,,,,,,,,,,,
278,257,,2018-12-19,,,,,,,,,,,,,,,,,
279,258,,2018-12-19,,,,,,,,,,,,,,,,,
280,259,,2018-12-19,,,,,,,,,,,,,,,,,
281,260,,2018-12-19,,,,,,,,,,,,,,,,,
282,261,,2018-12-19,,,,,,,,,,,,,,,,,
283,262,,2018-12-19,,,,,,,,,,,,,,,,,
284,263,,2018-12-19,,,,,,,,,,,,,,,,,
285,264,,2018-12-19,,,,,,,,,,,,,,,,,
286,265,,2018-12-19,,,,,,,,,,,,,,,,,
287,266,,2018-12-19,,,,,,,,,,,,,,,,,
288,267,,2018-12-19,,,,,,,,,,,,,,,,,
289,268,,2018-12-13,,,,,,,,,,,,,,,,,
290,269,,2018-12-13,,,,,,,,,,,,,,,,,
291,270,,2018-12-13,,,,,,,,,,,,,,,,,
292,271,,2018-12-13,,,,,,,,,,,,,,,,,
293,272,,2018-12-13,,,,,,,,,,,,,,,,,
294,273,,2018-12-13,,,,,,,,,,,,,,,,,
295,274,,2018-12-13,,,,,,,,,,,,,,,,,
296,275,,,,2019-03-12,,IC,200,vmpfc,-0.52; 1.8; -2.4,cre vert,injection verticale,verifier les aggregat dans les cellules. cote gauche 774 cote droit 796,,AAV774,,,,,
297,275,,,,2019-03-12,,IC,200,vmpfc,0.5; 1.8; 2.4,cre vert,injection verticale,verifier les aggregat dans les cellules. cote gauche 774 cote droit 796,,AAV796,,,,,
298,276,,,,2019-03-12,,IC,200,vmpfc,-0.51; 1.790; -2.4,cre vert / mCherry,injection verticale,verifier les aggregat dans les cellules. cote gauche 774 cote droit 796,,AAV774 1/10,rien de visible,,,,
299,276,,,,2019-03-12,,IC,200,vmpfc,0.5; 1.8; 2.4,cre vert / mCherry,injection verticale,verifier les aggregat dans les cellules. cote gauche 774 cote droit 796,,AAV796 1/10,rien de visible,,,,
300,277,,,,2019-03-13,,IC,200,vmpfc,0.75; 1.8; -2.3; angle 10,cre vert,injection angle 10 degrès,verifier les aggregat dans les cellules. cote gauche 774 cote droit 796,,AAV774,rien de visible. petit grain rouge au 20X,,,,
301,277,,,,,,IC,200,vmpfc,-0.75; 1.8; -2.3; angle 10,cre vert,injection angle 10 degrès,verifier les aggregat dans les cellules. cote gauche 774 cote droit 796,,AAV796,rien de visible. petit grain rouge au 20X,,,,
302,278,,,,,,IC,200,vmpfc,0.75; 1.8; -2.3; angle 10,cre vert,injection angle 10 degrès,verifier les aggregat dans les cellules. cote gauche 774 cote droit 796,,AAV774,lame detruite. à refaire,,,,
303,278,,,,,,IC,200,vmpfc,-0.75; 1.8; -2.3; angle 10,cre vert,injection angle 10 degrès,verifier les aggregat dans les cellules. cote gauche 774 cote droit 796,,AAV796,lame detruite. à refaire,,,,
304,279,,,,,,IC,200,vmpfc,0.75; 1.8; -2.3; angle 10,cre vert / mCherry,injection angle 10 degrès,verifier les aggregat dans les cellules. cote gauche 774 cote droit 796,,AAV774/ AAV1019,,,,,
305,279,,,,,,IC,200,vmpfc,-0.75; 1.8; -2.3; angle 10,cre vert / mCherry,injection angle 10 degrès,verifier les aggregat dans les cellules. cote gauche 774 cote droit 796,,AAV796/ AAV1019,,,,,
306,280,,,,,,IC,200,vmpfc,0.75; 1.8; -2.3; angle 10,cre vert / mCherry,injection angle 10 degrès,verifier les aggregat dans les cellules. cote gauche 774 cote droit 796,,AAV774/ AAV1019,,,,,
307,280,,,,,,IC,200,vmpfc,-0.75; 1.8; -2.3; angle 10,cre vert / mCherry,injection angle 10 degrès,verifier les aggregat dans les cellules. cote gauche 774 cote droit 796,,AAV796/ AAV1019,,,,,
308,281,,,,,,IC,200,vmpfc,0.75; 1.8; -2.3; angle 10,cre vert / mCherry,injection angle 10 degrès,verifier les aggregat dans les cellules. cote gauche 774 cote droit 796,,AAV774/ AAV1019,cellules bien visibles avec agregats,,,,
309,281,,,,,,IC,200,vmpfc,-0.75; 1.8; -2.3; angle 10,cre vert / mCherry,injection angle 10 degrès,verifier les aggregat dans les cellules. cote gauche 774 cote droit 796,,AAV796/ AAV1019,fluorescence diffuse quleques fibres marquees. A mon avis bcp d’autofluorescence,,,,
310,282,,,,,,IC,200,vmpfc,0.75; 1.8; -2.3; angle 10,cre vert / mCherry,injection angle 10 degrès,verifier les aggregat dans les cellules. cote gauche 774 cote droit 796,,AAV774/ AAV1019 1/10,lame à refaire,,,,
311,282,,,,,,IC,200,vmpfc,-0.75; 1.8; -2.3; angle 10,cre vert / mCherry,injection angle 10 degrès,verifier les aggregat dans les cellules. cote gauche 774 cote droit 796,,AAV796/ AAV1019 1/10,lame à refaire,,,,
312,283,,,,,,IC,200,vmpfc,0.75; 1.8; -2.3; angle 10,cre vert / mCherry,injection angle 10 degrès,verifier les aggregat dans les cellules. cote gauche 774 cote droit 796,,AAV774/ AAV1019 1/10,,,,,
313,283,,,,,,IC,200,vmpfc,-0.75; 1.8; -2.3; angle 10,cre vert / mCherry,injection angle 10 degrès,verifier les aggregat dans les cellules. cote gauche 774 cote droit 796,,AAV796/ AAV1019 1/10,,,,,
314,284,,,,,,IC,200,vmpfc,0.75; 1.8; -2.3; angle 10,cre vert / mCherry,injection angle 10 degrès,verifier les aggregat dans les cellules. cote gauche 774 cote droit 796,,AAV774/ AAV1019 1/10,,,,,
315,284,,,,,,IC,200,vmpfc,-0.75; 1.8; -2.3; angle 10,cre vert / mCherry,injection angle 10 degrès,verifier les aggregat dans les cellules. cote gauche 774 cote droit 796,,AAV796/ AAV1019 1/10,,,,,
316,285,,,,,,IC,200,vmpfc,0.75; 1.8; -2.3; angle 10,rien ou vert,injection angle 10 degrès,verifier si il y a expression GFP malgre la construction flex,,AAV885,,,,,
317,285,,,,,,IC,200,vmpfc,-0.75; 1.8; -2.3; angle 10,rien ou vert,injection angle 10 degrès,verifier si il y a expression GFP malgre la construction flex,,AAV885,,,,,
318,286,,,,,,IC,200,vmpfc,0.75; 1.8; -2.3; angle 10,rien ou vert,injection angle 10 degrès,verifier si il y a expression GFP malgre la construction flex,,AAV885,,,,,
319,286,,,,,,IC,200,vmpfc,-0.75; 1.8; -2.3; angle 10,rien ou vert,injection angle 10 degrès,verifier si il y a expression GFP malgre la construction flex,,AAV885,,,,,
320,287,22,2019-04-11,2019-05-22,2019-04-25,27d,IC,600,PB,,transport retrograde rouge,attendre 3 sec,verifier l; etendue du transport retrograde en fonction du temps de du type de vecteur (HIV; Rabies; AAV 2/retro),,AAV 1021,,,,,
321,288,23,2019-04-11,2019-05-22,2019-04-25,27d,IC,600,PB,,,attendre 3 sec,verifier l; etendue du transport retrograde en fonction du temps de du type de vecteur (HIV; Rabies; AAV 2/retro),,AAV 1021,,,,,
322,289,24,2019-04-11,2019-05-22,2019-04-25,27d,IC,600,PB,,,attendre 3 sec,verifier l; etendue du transport retrograde en fonction du temps de du type de vecteur (HIV; Rabies; AAV 2/retro),,AAV 1021,,,,,
323,290,25,2019-04-11,2019-05-22,2019-04-25,27d,IC,600,PB,,,attendre 3 sec,verifier l; etendue du transport retrograde en fonction du temps de du type de vecteur (HIV; Rabies; AAV 2/retro),,HIV119,,,,,
324,291,26,2019-04-11,2019-05-22,2019-04-25,27d,IC,600,PB,,,attendre 3 sec,verifier l; etendue du transport retrograde en fonction du temps de du type de vecteur (HIV; Rabies; AAV 2/retro),,HIV119,,,,,
325,292,27,2019-04-11,2019-05-22,2019-04-25,27d,IC,600,PB,,,attendre 3 sec,verifier l; etendue du transport retrograde en fonction du temps de du type de vecteur (HIV; Rabies; AAV 2/retro),,HIV119,,,,,
326,293,28,2019-04-11,2019-06-04 12:00 AM,,,Eutha,,,,,,,,,,,,,
327,294,29,2019-04-11,2019-05-22 12:00 AM,,,,,,,,,,,,,,,,
328,295,30,2019-04-11,2019-05-14,2019-04-30,14d,,600,PB,1.25; -1.21; -2.77  < -1.16; -1.21; -2.76,,,,,HIV119,,,,,
329,296,31,2019-04-11,2019-05-14,2019-04-30,14d,,600,PB,-1.17; -1.2; -2.7 < 1.19; -1.2; -2.77,,,,,AAV1021,,,,,
330,297,32,2019-04-11,2019-05-14,2019-04-30,14d,,600,PB,-1.19; -1.2; -2.77 < 1.16; -1.2; -2.77,,,,,AAV1021,,,,,
331,298,33,2019-04-11,2019-05-14,2019-04-30,14d,,600,PB,1.19; -1.2; -2.77 < -1.19; -1.21; -2.77,,,,,AAV1021,,,,,
332,299,34,2019-04-11,2019-05-14,2019-04-30,14d,,600,PB,-1.19; -1.18; -2.76 < 1.2; -1.18; -2.77,,,,,HIV119,,,,,
333,300,35,2019-04-11,2019-05-14,2019-04-30,14d,,,,,,,,,HIV119,,,,,
334,301,36,2019-04-11,2019-05-14,2019-04-30,14d,,,,,,,,,Rabv3.3,,,,,
335,302,37,2019-04-11,2019-05-14,2019-04-30,14d,,,,,,,,,Rabv3.3,,,,,
336,303,38,2019-04-11,2019-05-22,2019-04-30,22d,,,,1.18; -1.2; -2.77 <-1.8; -1.2; -2.77,,,,,Rabv3.3,,,,,
337,304,39,2019-04-11,2019-05-08,2019-05-01,7d,,,,-1.2; -1.19; -2.77 <1.04; -1.2; -2.77,,,,,HIV119,,,,,
338,305,40,2019-04-11,2019-05-08,2019-05-01,7d,,,,-1.16; -1.19; -2.77 <1.16; -1.15; -2.77,,,,,HIV119,,,,,
339,306,41,2019-04-11,2019-05-08,2019-05-01,7d,,2.5 ul,PB,-1.21; -1.20; -2.77,,,,,AAV1021,,,,,
340,307,42,2019-04-11,2019-05-08,2019-05-01,7d,,600,PB,-1.18; -1.21; -2.77 ­< 1.17; -1.21; -2.77,,,,,Rabv 3.3,,,,,
341,308,43,2019-04-11,2019-05-08,2019-05-01,7d,,,,1.18; -1.21; -2.77< -1.18; -1.21; -2.77,,,,,Rabv 3.3,,,,,
342,309,44,2019-04-11,2019-05-08,2019-05-01,7d,,,,1.2; -1.21; -2.76,,,,,Rabv 3.3,,,,,
343,310,45,2019-04-11,2019-05-08,2019-05-01,7d,,,,-1.18; -1.2; -2.77 <1.10; -1.2; -2.75,,,,,HIV119,,,,,
344,311,46,2019-04-11,2019-05-08,2019-05-01,7d,,,,-1.18; -1.1; -2.76 < 1.18; -1.19; -2.77,,,,,AAV1021,,,,,
345,312,47,2019-04-11,2019-05-08,2019-05-01,7d,,,,-1.18; -1.1; -2.77 < 1.14; -1.1; -2.77,,,,,AAV1021,,,,,
346,313,48,2019-04-11,,,,,,,,,,,,,,,,,
347,314,49,2019-04-11,,,,,,,,,,,,,,,,,
348,315,50,2019-04-11,2019-05-09,2019-05-06,3d,,600,,1.2; -1.21; -2.75 <-1.18; -1.13; -2.77,,,,,HIV119,3 jours,,,,
349,316,51,2019-04-11,2019-05-09,2019-05-06,3d,,600,,1.15; -1.17; -2.77 <-1.16; -1.17; -2.77,,,,,HIV119,3 jours,,,,
350,317,52,2019-04-11,2019-05-09,2019-05-06,3d,,600,,1.16; -1.05; -2.79 < 1.16; -1.16; -2.77,,,,,HIV119,3 jours,,,,
351,318,53,2019-04-11,2019-05-09,2019-05-06,3d,,600,,1.2; -1.21; -2.77 < ?,,,,,Rabv3.3,3 jours,,,,
352,319,54,2019-04-11,2019-05-09,2019-05-06,3d,,600,,1.15; -1.21; -2.76 < -1.17; -1.21; -2.77,,,,,Rabv3.3,3 jours,,,,
353,320,55,2019-04-11,2019-05-09,2019-05-06,3d,,300,,-1.17; -1.22; -2.76,,,,,Rabv3.3,3 jours,,,,
354,321,56,2019-04-11,,,,,,,,,,,,,,,,,
355,322,57,2019-04-11,,,,,,,,,,,,,,,,,
356,,58,,,,,,,,,,,,,,,,,,